inventoryDocId,sourcePharmacistDocId,sourceEmail,pharmacistNumber,pharmacyIdShort,businessName,drugName,brandName,genericName,dosageForm,strength,strengthUnit,containerSize,containerUnit,packUnit,currentStock,minimumStock,maximumStock,sellingPrice,costPrice,expiryDate,createdAt,updatedAt
FzpzUvNTXz9Mq5bIkD41,01kVeGJDbr6mS2Q3rZYm,aakarunanayake@yahoo.com,265459,PH00953,Suwapiyasa, 1% Astro Cort Cream, 1% Astro Cort Cream, 1%Hydrocortisone Cream,cream,15 g,g,,,tube,4,2,1000,330,,2027-09-30,2026-01-10T19:02:58.794Z,2026-02-01T10:52:53.658Z
xCWBn4p1kuwg1t9fSje3,01kVeGJDbr6mS2Q3rZYm,aakarunanayake@yahoo.com,265459,PH00953,Suwapiyasa, Amlodipine spc, Amlodipine spc, Amlodipine ,tablet,5,mg,,,tablets,240,50,1000,2,,2028-08-31,2025-12-20T03:43:31.748Z,2025-12-20T03:43:31.748Z
1f04z65gpOnDfVrcwxJa,01kVeGJDbr6mS2Q3rZYm,aakarunanayake@yahoo.com,265459,PH00953,Suwapiyasa, Amlodipine-Spc, Amlodipine-Spc, Amlodipine ,tablet,5,mg,,,tablets,240,50,1000,2,,2028-08-31,2025-12-20T03:41:07.480Z,2025-12-20T03:41:07.479Z
E7302IKAH7inSK7QcSEJ,01kVeGJDbr6mS2Q3rZYm,aakarunanayake@yahoo.com,265459,PH00953,Suwapiyasa,2% Ketoval  shampoo,2% Ketoval  shampoo,Ketoconazole 2% shampoo,cream,60ml,ml,,,bottle,1,1,1000,412,,2027-05-31,2026-01-09T04:00:00.423Z,2026-02-01T10:55:59.801Z
wZO3kv7FtKuTGImzlAhQ,01kVeGJDbr6mS2Q3rZYm,aakarunanayake@yahoo.com,265459,PH00953,Suwapiyasa,Aciclovir- Zydus,Aciclovir- Zydus,Aciclovir,tablet,200,mg,,,tablets,500,100,1000,13.5,,2029-04-30,2026-01-09T14:03:57.730Z,2026-01-09T14:18:49.920Z
Fngdic6JmBQBevIAHQ8W,01kVeGJDbr6mS2Q3rZYm,aakarunanayake@yahoo.com,265459,PH00953,Suwapiyasa,Aciclovir-ABC,Aciclovir-ABC,Acilovir,tablet,200,mg,,,tablets,200,100,1000,14,,2027-05-31,2026-01-09T14:17:57.438Z,2026-01-09T14:17:57.438Z
xphwWJuBZ3pTC3ZTLhwx,01kVeGJDbr6mS2Q3rZYm,aakarunanayake@yahoo.com,265459,PH00953,Suwapiyasa,Admit-100,Admit-100,sitagliptin,tablet,100,mg,,,tablets,150,10,1000,31,,2027-01-31,2025-12-20T16:15:47.342Z,2025-12-20T16:15:47.342Z
KZ2JQyC3mNasJdKXOgBk,01kVeGJDbr6mS2Q3rZYm,aakarunanayake@yahoo.com,265459,PH00953,Suwapiyasa,Albendazole-ABC Pharma,Albendazole-ABC Pharma,albendazole,tablet,400,mg,,,tablets,36,10,1000,60,,2027-03-31,2026-01-09T17:04:47.960Z,2026-01-09T17:04:47.960Z
DIv00dFpqWzLL9FDQ44t,01kVeGJDbr6mS2Q3rZYm,aakarunanayake@yahoo.com,265459,PH00953,Suwapiyasa,Alerid,Alerid,Cetirizine,tablet,10,mg,,,tablets,500,100,1000,3,,2026-02-10,2025-10-09T09:36:38.731Z,2025-10-09T09:36:38.731Z
yYe47Ue88Eh1hzNLIFaB,01kVeGJDbr6mS2Q3rZYm,aakarunanayake@yahoo.com,265459,PH00953,Suwapiyasa,Alfacalcidol- SPC,Alfacalcidol- SPC,Alfacalcidol,tablet,0.25,mg,,,tablets,55,10,1000,8,,2026-12-31,2026-01-11T16:21:09.763Z,2026-01-11T16:21:09.763Z
KCpz7Gpr6Vh86AgyFf7W,01kVeGJDbr6mS2Q3rZYm,aakarunanayake@yahoo.com,265459,PH00953,Suwapiyasa,Allerdin syrup,Allerdin syrup,Loratadene syrup,syrup,5ml/ 5mg,mg,,,bottle,5,5,1000,300,,2027-03-31,2026-01-07T14:00:35.487Z,2026-02-01T10:51:48.632Z
nft5UJBh6hEQSufnshwx,01kVeGJDbr6mS2Q3rZYm,aakarunanayake@yahoo.com,265459,PH00953,Suwapiyasa,Allerdin syrup,Allerdin syrup,Loratadine syrup,syrup,60,ml,,,bottle,5,5,1000,300,,2027-03-31,2025-12-24T18:53:02.853Z,2026-01-25T18:44:44.399Z
7GHmz6dca7vGNOHHlEL1,01kVeGJDbr6mS2Q3rZYm,aakarunanayake@yahoo.com,265459,PH00953,Suwapiyasa,Alphapress,Alphapress,prazosin,tablet,1,mg,,,tablets,320,30,1000,3,,2028-06-30,2025-12-19T16:01:43.606Z,2025-12-19T16:01:43.606Z
CshfrtqRTKlQLXS5GYrI,01kVeGJDbr6mS2Q3rZYm,aakarunanayake@yahoo.com,265459,PH00953,Suwapiyasa,Alprazolam-Atrest,Alprazolam-Atrest,Alprazolam,tablet,0.25,mg,,,tablets,32,30,1000,4,,2028-02-29,2026-01-11T16:12:50.433Z,2026-01-11T16:12:50.433Z
oAWHjqZj0y5aRXw8hHAR,01kVeGJDbr6mS2Q3rZYm,aakarunanayake@yahoo.com,265459,PH00953,Suwapiyasa,Amitriptyline- Leben,Amitriptyline- Leben,Amitriptyline,tablet,10,mg,,,tablets,50,30,1000,4,,2028-06-30,2026-01-09T17:01:48.443Z,2026-01-09T17:01:48.443Z
QgKqHCCyjoLFEVaLZNgn,01kVeGJDbr6mS2Q3rZYm,aakarunanayake@yahoo.com,265459,PH00953,Suwapiyasa,Amitriptyline-Amileb,Amitriptyline-Amileb,Amitriptyline,tablet,25,mg,,,tablets,50,10,1000,5,,2028-06-30,2026-01-11T16:03:52.708Z,2026-01-11T16:03:52.708Z
CLipX8rSELp4SIdmYMst,01kVeGJDbr6mS2Q3rZYm,aakarunanayake@yahoo.com,265459,PH00953,Suwapiyasa,AMLODAC 10,AMLODAC 10, Amlodipine,tablet,10,mg,,,tablets,50,10,1000,3,,2026-02-28,2025-12-20T03:10:03.117Z,2025-12-20T03:10:03.117Z
ogwNeKgAXuMtMmnld8uX,01kVeGJDbr6mS2Q3rZYm,aakarunanayake@yahoo.com,265459,PH00953,Suwapiyasa,Amlodac-10,Amlodac-10,Amlodipine,tablet,10,mg,,,tablets,735,50,1000,3,,2026-02-28,2025-12-20T03:53:35.187Z,2025-12-20T03:53:35.187Z
EV7zBfbYRD90goGLv7Ma,01kVeGJDbr6mS2Q3rZYm,aakarunanayake@yahoo.com,265459,PH00953,Suwapiyasa,Amlogiopin-5,Amlogiopin-5,amlodipine,tablet,5,mg,,,tablets,310,30,1000,5,,2028-06-30,2025-12-20T03:46:19.551Z,2025-12-20T03:46:19.551Z
PqXZ5nBhvHA2JwrdQPkQ,01kVeGJDbr6mS2Q3rZYm,aakarunanayake@yahoo.com,265459,PH00953,Suwapiyasa,Angiopril,Angiopril,Captopril,tablet,25,mg,,,tablets,60,10,1000,6,,2027-02-28,2025-12-19T16:07:35.760Z,2025-12-19T16:07:35.760Z
bkJZ1YpIAWCl05OcjhFb,01kVeGJDbr6mS2Q3rZYm,aakarunanayake@yahoo.com,265459,PH00953,Suwapiyasa,Aqueous cream,Aqueous cream,Aqueous Cream,cream,100 g,g,,,tube,3,2,1000,350,,2026-02-28,2026-01-10T19:07:18.659Z,2026-01-25T19:11:50.007Z
CCdOKSLC64HuB6YROU6z,01kVeGJDbr6mS2Q3rZYm,aakarunanayake@yahoo.com,265459,PH00953,Suwapiyasa,Arfen-PCM suppo,Arfen-PCM suppo,paracetamol- suppo,suppository,125,mg,,,suppository,3,1,1000,100,,2029-09-30,2026-01-09T18:53:47.016Z,2026-01-24T18:50:09.123Z
ObCmJrldqsLwnbLPVZgS,01kVeGJDbr6mS2Q3rZYm,aakarunanayake@yahoo.com,265459,PH00953,Suwapiyasa,Aspigen,Aspigen,Asprin,tablet,75,mg,,,tablets,1500,100,1000,5.75,,2027-05-01,2025-12-19T03:52:13.328Z,2025-12-19T03:52:13.328Z
Uja81PliXAhAPjk3SlCI,01kVeGJDbr6mS2Q3rZYm,aakarunanayake@yahoo.com,265459,PH00953,Suwapiyasa,Asthalin -200 DP Caps,Asthalin -200 DP Caps,Salbutamol-200 DP caps,capsule,200,mcg,,,capsules,135,20,1000,8,,2026-07-31,2026-01-09T04:15:01.974Z,2026-02-01T10:48:33.882Z
24WsxoDbgUCsW8uoxodF,01kVeGJDbr6mS2Q3rZYm,aakarunanayake@yahoo.com,265459,PH00953,Suwapiyasa,Atenolol- copran,Atenolol- copran,Atenolol,tablet,50,mg,,,tablets,224,50,1000,9,,2028-04-30,2025-12-19T12:48:28.576Z,2025-12-19T12:48:28.576Z
NcrSVBkjDNxLgyKwEj3q,01kVeGJDbr6mS2Q3rZYm,aakarunanayake@yahoo.com,265459,PH00953,Suwapiyasa,Atogen,Atogen,Atovastatin,tablet,40,mg,,,tablets,59,30,1000,28,,2026-04-30,2025-12-20T15:03:19.116Z,2025-12-20T15:03:19.116Z
yaZCjaOxzeN2Y8gdSWZs,01kVeGJDbr6mS2Q3rZYm,aakarunanayake@yahoo.com,265459,PH00953,Suwapiyasa,Atovastatin - Ace,Atovastatin - Ace,Atovastatin,tablet,20,mg,,,tablets,930,100,1000,13,,2027-06-30,2025-12-20T15:01:54.618Z,2025-12-20T15:01:54.618Z
JgSpp5mBw8qU1cr9Bs3j,01kVeGJDbr6mS2Q3rZYm,aakarunanayake@yahoo.com,265459,PH00953,Suwapiyasa,Atovastatin- SPMC,Atovastatin- SPMC,Atovastatin,tablet,10,mg,,,tablets,655,100,1000,3,,2027-07-31,2025-12-20T15:00:36.627Z,2025-12-20T15:00:36.627Z
W4g6ubYTj0fXHQS8UDXJ,01kVeGJDbr6mS2Q3rZYm,aakarunanayake@yahoo.com,265459,PH00953,Suwapiyasa,Azithromycin- ABC  Pharma,Azithromycin- ABC  Pharma,Azithromycin,tablet,500,mg,,,tablets,180,30,1000,60,,2028-05-31,2026-01-10T06:36:56.650Z,2026-01-10T06:36:56.650Z
pDzElH0RnEhlDQ3kOkWM,01kVeGJDbr6mS2Q3rZYm,aakarunanayake@yahoo.com,265459,PH00953,Suwapiyasa,Baclon,Baclon,Baclofen,tablet,14,mg,,,tablets,14,10,1000,35,,2027-04-30,2025-12-21T16:03:17.126Z,2025-12-21T16:03:17.126Z
6PENHp8mOoTXQoM43bzx,01kVeGJDbr6mS2Q3rZYm,aakarunanayake@yahoo.com,265459,PH00953,Suwapiyasa,Beclate -400 DP caps,Beclate -400 DP caps,Beclamethasone -400- DP caps,tablet,400,mcg,,,tablets,530,10,1000,13,,2027-10-31,2026-01-09T04:09:51.880Z,2026-01-09T04:09:51.880Z
thnPQy6lrccyuGUd6RJE,01kVeGJDbr6mS2Q3rZYm,aakarunanayake@yahoo.com,265459,PH00953,Suwapiyasa,Beclate DP caps-200,Beclate DP caps-200,Beclamethasone -DP cads,capsule,200,mcg,,,capsules,130,20,1000,12,,2026-06-30,2026-01-09T04:07:12.661Z,2026-01-25T18:39:41.776Z
bI3wNcvnB5AoZulNANhk,01kVeGJDbr6mS2Q3rZYm,aakarunanayake@yahoo.com,265459,PH00953,Suwapiyasa,Betahistene,Betahistene,Betahistene-8,tablet,8,mg,,,tablets,698,10,1000,4,,2026-12-31,2026-01-09T04:31:35.594Z,2026-01-09T04:31:35.594Z
pAGXkjQrZX2CGBDBL1UV,01kVeGJDbr6mS2Q3rZYm,aakarunanayake@yahoo.com,265459,PH00953,Suwapiyasa,Betahistene 8- Windlas,Betahistene 8- Windlas,Betahistene-8,tablet,8,mg,,,tablets,185,20,1000,24,,2026-05-31,2026-01-09T04:35:18.662Z,2026-01-09T04:35:18.662Z
bu4sLWnUMTEXeW8vG6dg,01kVeGJDbr6mS2Q3rZYm,aakarunanayake@yahoo.com,265459,PH00953,Suwapiyasa,Betahitene-16-SPC,Betahitene-16-SPC,Betahistene -16,tablet,16,mg,,,tablets,148,30,1000,8,,2027-11-30,2026-01-09T04:37:55.500Z,2026-01-09T04:37:55.500Z
TLhMWztLk5ATTqqbDFPi,01kVeGJDbr6mS2Q3rZYm,aakarunanayake@yahoo.com,265459,PH00953,Suwapiyasa,Betamet cream,Betamet cream,Betamethasone valerate cream,cream,0.1%-15G,g,,,tube,4,3,1000,230,,2027-08-31,2026-01-10T07:29:56.154Z,2026-02-01T10:49:04.315Z
EMhenTCV3vRVxe5slifY,01kVeGJDbr6mS2Q3rZYm,aakarunanayake@yahoo.com,265459,PH00953,Suwapiyasa,Betamet-N cream,Betamet-N cream,Betamethasone+ neomycin cream,cream,20 g,g,,,tube,7,2,1000,290,,2027-12-31,2026-01-10T18:39:47.663Z,2026-02-01T10:56:20.373Z
WrYQyjJs05FKTP9feHTy,01kVeGJDbr6mS2Q3rZYm,aakarunanayake@yahoo.com,265459,PH00953,Suwapiyasa,Betasol- N,Betasol- N,Betamethasone+ neomycin Nasal Drop,drops,7.5ml,ml,,,bottle,10,2,1000,450,,2027-05-31,2026-01-09T03:48:36.079Z,2026-01-25T19:47:43.489Z
BQGk6DngyQD1LgaDPYe2,01kVeGJDbr6mS2Q3rZYm,aakarunanayake@yahoo.com,265459,PH00953,Suwapiyasa,Bisogen,Bisogen,Bisoprolol,tablet,5,mg,,,tablets,30,10,1000,20,,2027-01-31,2025-12-19T15:50:54.611Z,2025-12-19T15:50:54.611Z
CG4aDxwepQVHxj6YzTgb,01kVeGJDbr6mS2Q3rZYm,aakarunanayake@yahoo.com,265459,PH00953,Suwapiyasa,Bisogen,Bisogen,Bisoprolol,tablet,5,mg,,,tablets,30,10,1000,20,,2027-01-31,2025-12-19T15:50:54.615Z,2025-12-19T15:50:54.615Z
ppEAh4i4T8ANJKYyQAa4,01kVeGJDbr6mS2Q3rZYm,aakarunanayake@yahoo.com,265459,PH00953,Suwapiyasa,Bisogen,Bisogen,Bisoprolol,tablet,2.5,mg,,,tablets,450,50,1000,7,,2027-07-31,2025-12-19T15:48:33.874Z,2025-12-19T15:48:33.874Z
kiGUBvOmsYnF7MhhfGCZ,01kVeGJDbr6mS2Q3rZYm,aakarunanayake@yahoo.com,265459,PH00953,Suwapiyasa,Bisoprolol SPMC,Bisoprolol SPMC,bisoprolol,tablet,5,mg,,,tablets,200,30,1000,4,,2027-02-28,2025-12-19T15:54:26.657Z,2025-12-19T15:54:26.657Z
fXbKETijzDsEPO5vGRSr,01kVeGJDbr6mS2Q3rZYm,aakarunanayake@yahoo.com,265459,PH00953,Suwapiyasa,Bisoprolol- cadila,Bisoprolol- cadila,Bisolprolol,tablet,5,mg,,,tablets,150,30,1000,8,,2027-02-28,2025-12-19T15:52:37.883Z,2025-12-19T15:52:37.883Z
7arjl4C47USXhdOHgR3J,01kVeGJDbr6mS2Q3rZYm,aakarunanayake@yahoo.com,265459,PH00953,Suwapiyasa,Candid cream,Candid cream,Clotrimazole cream,cream,15 g,g,,,tube,7,3,1000,442,,2029-05-31,2026-01-10T07:47:44.422Z,2026-02-01T11:00:51.495Z
3hT1jYJWStQL2lhA6aQA,01kVeGJDbr6mS2Q3rZYm,aakarunanayake@yahoo.com,265459,PH00953,Suwapiyasa,Candid ear Drop,Candid ear Drop,Clotrimazole Ear Drop,drops,15ml,ml,,,bottle,6,2,1000,406,,2026-02-28,2026-01-09T03:55:28.545Z,2026-02-01T11:06:18.728Z
h6Y0VT2d7bCxsfoqGuk2,01kVeGJDbr6mS2Q3rZYm,aakarunanayake@yahoo.com,265459,PH00953,Suwapiyasa,candid mouth paint,candid mouth paint,Clotrimazole mouth paint,gel,15ml,ml,,,bottle,2,2,1000,532,,2027-02-28,2026-01-09T03:53:28.620Z,2026-01-25T18:52:31.249Z
33ikT2UElpQeQ0qR7ePt,01kVeGJDbr6mS2Q3rZYm,aakarunanayake@yahoo.com,265459,PH00953,Suwapiyasa,Candid V-1 ,Candid V-1 ,clotrimazole V1,tablet,500,mg,,,tablets,1,1,1000,496,,2028-04-30,2026-01-09T19:13:03.382Z,2026-01-09T19:13:03.382Z
Ye5LCb64UZn9nk5rO1i6,01kVeGJDbr6mS2Q3rZYm,aakarunanayake@yahoo.com,265459,PH00953,Suwapiyasa,Candid V-6  100*6,Candid V-6  100*6,Clotrimazole -vaginal tablet-100*6,tablet,100,mg,,,box,2,1,1000,654,,2029-01-31,2026-01-09T19:07:54.204Z,2026-01-25T19:16:09.034Z
AaYYjhc002uivaXgjhcF,01kVeGJDbr6mS2Q3rZYm,aakarunanayake@yahoo.com,265459,PH00953,Suwapiyasa,Candid V3 200*3,Candid V3 200*3,clotrimazole V3,tablet,200,mg,,,tablets,1,10,1000,624,,2029-01-31,2026-01-09T19:11:07.928Z,2026-01-09T19:11:07.928Z
hQlauQeHJ2Z4hxS7abLu,01kVeGJDbr6mS2Q3rZYm,aakarunanayake@yahoo.com,265459,PH00953,Suwapiyasa,Captopril-  SPC,Captopril-  SPC,Captopril,tablet,25,mg,,,tablets,110,50,1000,5,,2026-08-31,2025-12-19T16:06:13.972Z,2025-12-19T16:06:13.972Z
7qU4sLKVeVGXzzBbNAb5,01kVeGJDbr6mS2Q3rZYm,aakarunanayake@yahoo.com,265459,PH00953,Suwapiyasa,Carvedilol-  cadila,Carvedilol-  cadila,carvedilol,tablet,3.125,mg,,,tablets,100,50,1000,8,,2027-08-31,2025-12-19T15:56:28.684Z,2025-12-19T15:56:28.684Z
TmNZuguI9Yk4y81YQBqC,01kVeGJDbr6mS2Q3rZYm,aakarunanayake@yahoo.com,265459,PH00953,Suwapiyasa,Celecoxib-SPC,Celecoxib-SPC,Celecoxib,tablet,200,mg,,,tablets,570,100,1000,8,,2028-04-21,2025-12-21T16:12:57.841Z,2025-12-21T16:12:57.841Z
j07QoRHdrvpcYh89GKgr,01kVeGJDbr6mS2Q3rZYm,aakarunanayake@yahoo.com,265459,PH00953,Suwapiyasa,Cetirizine - ACE syrup,Cetirizine - ACE syrup,cetirizine syrup,syrup,5ml/5mg-60ml,ml,,,bottle,17,5,1000,182,,2027-05-31,2026-01-07T14:30:48.168Z,2026-01-25T18:50:12.689Z
2vBKx3uHfh8ilxUqIbSp,01kVeGJDbr6mS2Q3rZYm,aakarunanayake@yahoo.com,265459,PH00953,Suwapiyasa,Cetirizine syrup - ACE,Cetirizine syrup - ACE,Cetirizine syrup,tablet,60,ml,,,tablets,17,5,1000,182,,2027-05-31,2025-12-24T19:13:54.806Z,2025-12-24T19:13:54.806Z
eZY6poZTtZFfqyjnhqwt,01kVeGJDbr6mS2Q3rZYm,aakarunanayake@yahoo.com,265459,PH00953,Suwapiyasa,Cetirizine syrup - ACE,Cetirizine syrup - ACE,Cetirizine syrup,tablet,60,ml,,,tablets,17,5,1000,182,,2027-05-31,2025-12-24T19:13:54.795Z,2025-12-24T19:13:54.795Z
VAt2rCyfjd3CLY186vLP,01kVeGJDbr6mS2Q3rZYm,aakarunanayake@yahoo.com,265459,PH00953,Suwapiyasa,Cetirizine Syrup-Ace,Cetirizine Syrup-Ace,Cetirizine Syrup,syrup,5ml/5mg- 500ml,ml,,,ml,500,500,1000,2,,2027-03-31,2026-01-10T07:19:34.158Z,2026-01-25T19:49:06.163Z
jFbnXI0gsZGUvJOqzaaj,01kVeGJDbr6mS2Q3rZYm,aakarunanayake@yahoo.com,265459,PH00953,Suwapiyasa,chlorpheniramine -SPMC syrup,chlorpheniramine -SPMC syrup,Chlorpheniramine syrup,syrup,2mg/5ml- 100ml,ml,,,bottle,14,5,1000,205,,2027-03-31,2026-01-07T14:09:15.159Z,2026-01-25T18:49:43.046Z
owLB6Ww897wwUwy9wnRo,01kVeGJDbr6mS2Q3rZYm,aakarunanayake@yahoo.com,265459,PH00953,Suwapiyasa,Chlorpheniramine syrup- MSJ ,Chlorpheniramine syrup- MSJ ,chlorpheniramine syrup,syrup,5ml/ 2mg-750ml,ml,,,ml,6000,750,1000,1,,2026-05-31,2026-01-10T07:13:28.305Z,2026-01-25T18:42:27.519Z
HjXZNSgDcvAOysrWm0Gn,01kVeGJDbr6mS2Q3rZYm,aakarunanayake@yahoo.com,265459,PH00953,Suwapiyasa,Chlorpheniramine syrup-SPMC,Chlorpheniramine syrup-SPMC,Chlorpheniramine syrup,syrup,100,ml,,,bottle,14,5,1000,205,,2027-03-31,2025-12-24T18:59:56.434Z,2026-01-26T10:45:01.878Z
KQVUvPR2Rm4HJPaqT5S5,01kVeGJDbr6mS2Q3rZYm,aakarunanayake@yahoo.com,265459,PH00953,Suwapiyasa,Chlorpheniramine- cipium,Chlorpheniramine- cipium,Chlorpheniramine,tablet,4,mg,,,tablets,530,10,1000,2,,2028-01-31,2026-01-11T15:51:07.468Z,2026-01-11T15:51:07.468Z
1CH50pw5jWwQF1ECA6Xu,01kVeGJDbr6mS2Q3rZYm,aakarunanayake@yahoo.com,265459,PH00953,Suwapiyasa,Chlorpheniramine- MSJ,Chlorpheniramine- MSJ,Chlorpheniramine,tablet,4,mg,,,tablets,200,10,1000,2,,2027-07-31,2026-01-11T15:49:48.137Z,2026-01-11T15:49:48.137Z
b5bff5ZD3FdqBslzeBuv,01kVeGJDbr6mS2Q3rZYm,aakarunanayake@yahoo.com,265459,PH00953,Suwapiyasa,ciprobid,ciprobid,ciprofloxacin,tablet,500,mg,,,tablets,228,10,1000,17,,2027-12-31,2026-01-10T06:27:40.611Z,2026-01-10T06:27:40.611Z
pRSr4zojUKrN1X6oNhMf,01kVeGJDbr6mS2Q3rZYm,aakarunanayake@yahoo.com,265459,PH00953,Suwapiyasa,Ciprobiotic,Ciprobiotic,ciprofloxacin,tablet,500,mg,,,tablets,66,10,1000,16,,2027-09-30,2026-01-10T06:29:16.435Z,2026-01-10T06:29:16.435Z
zBchWuvvzgHI3tTyf8wh,01kVeGJDbr6mS2Q3rZYm,aakarunanayake@yahoo.com,265459,PH00953,Suwapiyasa,Ciproright,Ciproright,Ciprofloxacin,tablet,250,mg,,,tablets,82,10,1000,11.5,,2026-08-31,2026-01-10T06:32:42.431Z,2026-01-10T06:32:42.431Z
KAodLsg4sXAkHIRSkici,01kVeGJDbr6mS2Q3rZYm,aakarunanayake@yahoo.com,265459,PH00953,Suwapiyasa,Clavamox,Clavamox,Co-amoxiclav,tablet,500,mg,,,tablets,143,50,1000,99,,2027-03-31,2026-01-10T02:26:33.068Z,2026-01-10T02:26:33.068Z
1xB6VecyJYobrgC5uRCH,01kVeGJDbr6mS2Q3rZYm,aakarunanayake@yahoo.com,265459,PH00953,Suwapiyasa,clavamox-250,clavamox-250,coamoxyclave,tablet,250,mg,,,tablets,4,1,1000,70,,2027-04-30,2026-01-10T02:27:58.221Z,2026-01-10T02:27:58.221Z
63Tso4Lp60JC45KWqIYI,01kVeGJDbr6mS2Q3rZYm,aakarunanayake@yahoo.com,265459,PH00953,Suwapiyasa,Climycin,Climycin,Clindamycin,tablet,300,mg,,,tablets,84,30,1000,45,,2027-07-31,2026-01-10T06:38:42.937Z,2026-01-10T06:38:42.937Z
CkSPwbKTtuTUC84wuEDF,01kVeGJDbr6mS2Q3rZYm,aakarunanayake@yahoo.com,265459,PH00953,Suwapiyasa,clinical -1250mg,clinical -1250mg,Ca carbonate,tablet,1250mg,mg,,,tablets,60,30,1000,28,,2027-12-31,2026-01-09T13:59:21.143Z,2026-01-09T13:59:21.143Z
Cu69JPhqetQoFv4Sf0ec,01kVeGJDbr6mS2Q3rZYm,aakarunanayake@yahoo.com,265459,PH00953,Suwapiyasa,Clobetasol Ointment-SPC,Clobetasol Ointment-SPC,Clobetasol propionate ointment,cream,0.05%- 15 G,mg,,,tube,4,2,1000,105,,2026-05-31,2026-01-10T07:32:08.458Z,2026-02-01T10:57:30.535Z
PVWvm1t4zteubS7ugMwc,01kVeGJDbr6mS2Q3rZYm,aakarunanayake@yahoo.com,265459,PH00953,Suwapiyasa,Clonazepam -SPC,Clonazepam -SPC,clonazepam,tablet,0.5,mg,,,tablets,18,10,1000,8,,2026-06-30,2026-01-11T16:14:13.507Z,2026-01-11T16:14:13.507Z
WHiogeyNDw4TNs37IzsX,01kVeGJDbr6mS2Q3rZYm,aakarunanayake@yahoo.com,265459,PH00953,Suwapiyasa,clopigra,clopigra,clopidogrel,tablet,75,mg,,,tablets,180,100,1000,10,,2027-05-31,2025-12-19T03:55:46.153Z,2025-12-19T03:55:46.153Z
Hwj0VHkWx3RNAmOqrJDO,01kVeGJDbr6mS2Q3rZYm,aakarunanayake@yahoo.com,265459,PH00953,Suwapiyasa,clopirel,clopirel,clopidogrel,tablet,75,mg,,,tablets,242,50,1000,10,,2025-06-30,2025-12-19T12:44:16.809Z,2025-12-19T12:44:16.808Z
ng4smFoSw9o3yBK9g7HB,01kVeGJDbr6mS2Q3rZYm,aakarunanayake@yahoo.com,265459,PH00953,Suwapiyasa,Clotrimazole - Belco  Cream,Clotrimazole - Belco  Cream,clotrimazole Cream,cream,10 g,g,,,tube,6,2,1000,170,,2026-07-31,2026-01-10T19:00:23.368Z,2026-02-01T10:41:48.222Z
MG3oAN1wniNdtLv4blbl,01kVeGJDbr6mS2Q3rZYm,aakarunanayake@yahoo.com,265459,PH00953,Suwapiyasa,coamoxyclave,coamoxyclave,clavamox-500,tablet,500,mg,,,tablets,150,100,1000,99,,2027-11-06,2025-12-24T19:18:54.274Z,2025-12-24T19:18:54.274Z
bolpE4OFvbwZ4qux7qo3,01kVeGJDbr6mS2Q3rZYm,aakarunanayake@yahoo.com,265459,PH00953,Suwapiyasa,Cortan syrup,Cortan syrup,prednisolone syrup,syrup,50,ml,,,bottle,11,5,1000,495,,2027-04-30,2025-12-24T19:02:07.476Z,2026-01-25T19:07:48.290Z
v4nTc7HdcEal5RF71MUa,01kVeGJDbr6mS2Q3rZYm,aakarunanayake@yahoo.com,265459,PH00953,Suwapiyasa,cortan- prednisolone syrup,cortan- prednisolone syrup,Prednisolone syrup,syrup,5ml/ 5mg-50ml,ml,,,bottle,11,10,1000,495,,2027-04-30,2026-01-07T14:11:38.791Z,2026-01-26T10:41:55.714Z
vkyGqHYQPbDvQa4XwnRP,01kVeGJDbr6mS2Q3rZYm,aakarunanayake@yahoo.com,265459,PH00953,Suwapiyasa,crape Bandage 7.5* 9,crape Bandage 7.5* 9,crape bandabe,tablet,units,units,,,box,2,1,1000,440,,2028-12-31,2026-01-11T16:31:14.404Z,2026-01-25T18:30:23.575Z
DofkSjbewtRXCwrJ9nQz,01kVeGJDbr6mS2Q3rZYm,aakarunanayake@yahoo.com,265459,PH00953,Suwapiyasa,Decon-A nasal drop 1in 1000,Decon-A nasal drop 1in 1000,Xylometazoline 1 in 1000 N. drop,drops,10ml,ml,,,bottle,8,5,1000,254,,2029-06-30,2026-01-09T03:51:22.783Z,2026-01-26T10:47:58.094Z
y3urSrnUIU82AHb5ZnKi,01kVeGJDbr6mS2Q3rZYm,aakarunanayake@yahoo.com,265459,PH00953,Suwapiyasa,Deriphyllin  syrup-Zydus,Deriphyllin  syrup-Zydus,Deriphyline syrup,syrup,100ml,ml,,,bottle,15,5,1000,336,,2027-11-30,2026-01-07T14:20:14.519Z,2026-01-25T18:28:29.715Z
cV59TQfgIZbzNh4UEt7J,01kVeGJDbr6mS2Q3rZYm,aakarunanayake@yahoo.com,265459,PH00953,Suwapiyasa,Deriphyllin R,Deriphyllin R,DeriphyllinR,tablet,150,mg,,,tablets,1840,100,1000,5,,2028-04-30,2026-01-11T15:53:14.173Z,2026-01-11T15:53:14.173Z
kZ7ItJrgm88WAKkn7DlF,01kVeGJDbr6mS2Q3rZYm,aakarunanayake@yahoo.com,265459,PH00953,Suwapiyasa,Deriphyllin R,Deriphyllin R,Deriphyllin R,tablet,150mg,mg,,,tablets,0,10,1000,0,,2027-01-24,2026-01-24T20:31:59.808Z,2026-01-25T18:47:56.828Z
ByGqGZuRsU3hBmZBAMtn,01kVeGJDbr6mS2Q3rZYm,aakarunanayake@yahoo.com,265459,PH00953,Suwapiyasa,Deriphyllin syrup- cadila,Deriphyllin syrup- cadila,Theophyllin+ etofyllin syrup,syrup,100,ml,,,bottle,7,5,1000,336,,2027-11-30,2025-12-24T19:07:15.154Z,2026-02-01T10:59:28.733Z
DOGmX36q6a527O2RtOck,01kVeGJDbr6mS2Q3rZYm,aakarunanayake@yahoo.com,265459,PH00953,Suwapiyasa,DeriphyllinR,DeriphyllinR,DeriphyllinR,tablet,300,mg,,,tablets,180,50,1000,11,,2028-05-31,2026-01-11T15:54:33.282Z,2026-01-11T15:54:33.282Z
rZaiemkaYmde4rk5txGd,01kVeGJDbr6mS2Q3rZYm,aakarunanayake@yahoo.com,265459,PH00953,Suwapiyasa,Derm Keta Cream,Derm Keta Cream,2% ketoconazole cream,cream,10g,g,,,tube,4,2,1000,171,,2027-07-31,2026-01-10T18:34:36.727Z,2026-01-25T18:41:16.485Z
VYFYmonRhyLdh7rvdke3,01kVeGJDbr6mS2Q3rZYm,aakarunanayake@yahoo.com,265459,PH00953,Suwapiyasa,Derm Keta Cream,Derm Keta Cream,2% Ketoconazole cream,cream,30,g,,,tube,6,2,1000,420,,2027-08-31,2026-01-10T18:45:58.406Z,2026-01-25T19:48:39.376Z
8C2gp0kKcUj3dkxMQV64,01kVeGJDbr6mS2Q3rZYm,aakarunanayake@yahoo.com,265459,PH00953,Suwapiyasa,Desloratadine-Veromon,Desloratadine-Veromon,Desloratadine,tablet,5,mg,,,tablets,1618,10,1000,10,,2028-06-30,2026-01-09T17:18:51.008Z,2026-01-09T17:18:51.008Z
jbvuZ51gMGtTDUgLPg8c,01kVeGJDbr6mS2Q3rZYm,aakarunanayake@yahoo.com,265459,PH00953,Suwapiyasa,Dextrose-Braun,Dextrose-Braun,Dextrose-,drops,50%,ml,,,bottle,2,2,1000,155,,2028-06-30,2026-01-11T16:27:30.971Z,2026-01-25T18:48:47.097Z
mu7HEN3mm8ECW0sUIp0y,01kVeGJDbr6mS2Q3rZYm,aakarunanayake@yahoo.com,265459,PH00953,Suwapiyasa,Dextrose-SPC,Dextrose-SPC,Dextrose,drops,25%,ml,,,bottle,4,1,1000,110,,2027-05-31,2026-01-11T16:28:57.696Z,2026-01-25T18:45:56.975Z
Db1kghqaEvKmJdirprML,01kVeGJDbr6mS2Q3rZYm,aakarunanayake@yahoo.com,265459,PH00953,Suwapiyasa,Diclain-100 suppo,Diclain-100 suppo,Diclofenac sodium suppo,suppository,100,mg,,,suppository,12,5,1000,103,,2027-01-31,2026-01-09T18:42:28.820Z,2026-01-26T10:47:33.119Z
Ge5svvkdTpkwg3aZvvjp,01kVeGJDbr6mS2Q3rZYm,aakarunanayake@yahoo.com,265459,PH00953,Suwapiyasa,DiclofenacSodium -SPMC,DiclofenacSodium -SPMC,Diclofenac sodium,tablet,50,mg,,,tablets,1650,100,1000,2,,2026-08-31,2025-12-21T15:55:53.905Z,2026-02-02T19:38:02.887Z
hVNtlgDr9u9QiUjzJUpf,01kVeGJDbr6mS2Q3rZYm,aakarunanayake@yahoo.com,265459,PH00953,Suwapiyasa,Diclovin- suppo,Diclovin- suppo,diclofenac sodium suppo,suppository,100,mg,,,suppository,48,10,1000,95,,2028-05-31,2026-01-09T18:39:58.834Z,2026-01-25T18:51:03.751Z
KBrRpzLG53J0aAmkOVAF,01kVeGJDbr6mS2Q3rZYm,aakarunanayake@yahoo.com,265459,PH00953,Suwapiyasa,Dilcardia-60,Dilcardia-60,Diltazem,tablet,60,mg,,,tablets,35,10,1000,8,,2026-08-31,2025-12-20T03:56:54.930Z,2025-12-20T03:56:54.930Z
GRuUxlaTOqFj9Aja00TT,01kVeGJDbr6mS2Q3rZYm,aakarunanayake@yahoo.com,265459,PH00953,Suwapiyasa,Dilzem-SR,Dilzem-SR,Diltazem,tablet,90,mg,,,tablets,40,10,1000,41,,2027-10-31,2025-12-20T03:58:19.897Z,2025-12-20T03:58:19.897Z
EP3oE8uYFErwbYrje1yS,01kVeGJDbr6mS2Q3rZYm,aakarunanayake@yahoo.com,265459,PH00953,Suwapiyasa,DMPA injection-150- WHO,DMPA injection-150- WHO,DMPA-150 Injection,injection,150,mg,,,vial,4,2,1000,850,,2026-06-30,2026-01-11T16:24:31.641Z,2026-02-01T10:54:06.320Z
j1Ype3xXnoPp6M17mSGq,01kVeGJDbr6mS2Q3rZYm,aakarunanayake@yahoo.com,265459,PH00953,Suwapiyasa,Domstal,Domstal,Domperidone,tablet,10,mg,,,tablets,2420,100,1000,4,,2029-06-30,2025-12-21T15:44:48.779Z,2026-02-02T19:38:00.900Z
gkGjYecTIXvTNUiXZjtt,01kVeGJDbr6mS2Q3rZYm,aakarunanayake@yahoo.com,265459,PH00953,Suwapiyasa,DP- Haler cipla,DP- Haler cipla,DP- Haler,tablet,1,units,,,box,5,2,1000,492,,2027-04-30,2026-01-09T04:03:35.167Z,2026-01-25T19:04:09.209Z
IIcJNQMS30pL0z6VAsIN,01kVeGJDbr6mS2Q3rZYm,aakarunanayake@yahoo.com,265459,PH00953,Suwapiyasa,Empagliflozin-SPC,Empagliflozin-SPC,Empagliflozin,tablet,10,mg,,,tablets,120,10,1000,11,,2027-05-31,2025-12-20T16:18:49.249Z,2025-12-20T16:18:49.249Z
YJbqlBUHdTbpyTcJqG6A,01kVeGJDbr6mS2Q3rZYm,aakarunanayake@yahoo.com,265459,PH00953,Suwapiyasa,Emzole-F Cream,Emzole-F Cream,Miconazole cream,cream,15 g,g,,,tube,6,2,1000,250,,2026-11-30,2026-01-10T18:57:57.695Z,2026-01-25T19:16:57.457Z
0ShP0to2Zl2m793DPLYL,01kVeGJDbr6mS2Q3rZYm,aakarunanayake@yahoo.com,265459,PH00953,Suwapiyasa,Enalapril -SPC,Enalapril -SPC,Enalapril,tablet,5,mg,,,tablets,125,50,1000,3,,2026-03-31,2025-12-19T16:03:50.721Z,2025-12-19T16:03:50.721Z
04meVWS59UpPlIYx71DR,01kVeGJDbr6mS2Q3rZYm,aakarunanayake@yahoo.com,265459,PH00953,Suwapiyasa,Enhancin syrup,Enhancin syrup,coamoxyclave syrup,syrup,100,ml,,,bottle,9,5,1000,570,,2027-01-31,2025-12-24T18:47:26.448Z,2026-02-01T11:08:23.173Z
KKez2NmaHiu4zfyeZzxS,01kVeGJDbr6mS2Q3rZYm,aakarunanayake@yahoo.com,265459,PH00953,Suwapiyasa,Esomeprazole-ACE,Esomeprazole-ACE,Esomeprazole,tablet,40,mg,,,tablets,400,100,1000,12,,2027-04-30,2025-12-21T15:12:03.431Z,2025-12-21T15:12:03.431Z
jkhohhJinHta6jt9xqoB,01kVeGJDbr6mS2Q3rZYm,aakarunanayake@yahoo.com,265459,PH00953,Suwapiyasa,Esomeprazole-SPC,Esomeprazole-SPC,Esomeprazole,tablet,20,mg,,,tablets,166,10,1000,5,,2028-05-31,2025-12-21T15:08:02.400Z,2025-12-21T15:08:02.398Z
i3akKMwUJtRKkbNGcngT,01kVeGJDbr6mS2Q3rZYm,aakarunanayake@yahoo.com,265459,PH00953,Suwapiyasa,Etoricoxib-SPC,Etoricoxib-SPC,Etoricoxib,tablet,90,mg,,,tablets,80,10,1000,20,,2028-01-31,2026-01-09T17:12:11.793Z,2026-01-09T17:12:11.793Z
MQpCD2xKiBVpR09D3A4K,01kVeGJDbr6mS2Q3rZYm,aakarunanayake@yahoo.com,265459,PH00953,Suwapiyasa,Etoricoxib-SPC,Etoricoxib-SPC,Etoricoxib,tablet,60,mg,,,tablets,180,100,1000,14,,2027-03-31,2025-12-21T16:14:43.322Z,2025-12-21T16:14:43.322Z
oMyZVsMu2vvmZtwKsL0r,01kVeGJDbr6mS2Q3rZYm,aakarunanayake@yahoo.com,265459,PH00953,Suwapiyasa,Etoricoxib-SPC,Etoricoxib-SPC,Etoricoxib,tablet,60,mg,,,tablets,180,100,1000,14,,2027-03-31,2025-12-21T16:14:43.340Z,2025-12-21T16:14:43.340Z
AVrUo46m7VgYWYHXmODL,01kVeGJDbr6mS2Q3rZYm,aakarunanayake@yahoo.com,265459,PH00953,Suwapiyasa,Famostar-40,Famostar-40,Famotidene,tablet,40,mg,,,tablets,700,100,1000,6,,2027-10-31,2025-12-21T15:49:02.811Z,2025-12-21T15:49:02.811Z
HDHB731zQ6G9FgqoAO5T,01kVeGJDbr6mS2Q3rZYm,aakarunanayake@yahoo.com,265459,PH00953,Suwapiyasa,Famotidene -SPMC,Famotidene -SPMC,Famotidene,tablet,20,mg,,,tablets,840,10,1000,2,,2027-09-30,2025-12-21T15:47:19.306Z,2025-12-21T15:47:19.306Z
KulWS2uMe4ddX8gPRkxL,01kVeGJDbr6mS2Q3rZYm,aakarunanayake@yahoo.com,265459,PH00953,Suwapiyasa,Fexofenadine-ABC Pharma,Fexofenadine-ABC Pharma,Fexofenadine,tablet,120,mg,,,tablets,306,30,1000,18,,2028-06-30,2026-01-11T15:42:40.954Z,2026-01-11T15:42:40.954Z
9YCtIrFXK77qxwNSTZ3H,01kVeGJDbr6mS2Q3rZYm,aakarunanayake@yahoo.com,265459,PH00953,Suwapiyasa,Fexofred 120,Fexofred 120,Fexofenadine,tablet,120,mg,,,tablets,300,30,1000,8,,2028-07-31,2026-01-11T15:44:31.773Z,2026-01-11T15:44:31.773Z
kzqF6TXe2kcYqvNGK1B5,01kVeGJDbr6mS2Q3rZYm,aakarunanayake@yahoo.com,265459,PH00953,Suwapiyasa,Fexofred-180,Fexofred-180,Fexofenadine,tablet,180,mg,,,tablets,150,30,1000,11,,2028-08-31,2026-01-11T15:45:51.709Z,2026-01-11T15:45:51.709Z
C5Tdseh0jmAo4pVyfLem,01kVeGJDbr6mS2Q3rZYm,aakarunanayake@yahoo.com,265459,PH00953,Suwapiyasa,Flucloxacillin-SPMC,Flucloxacillin-SPMC,Flucloxacillin,capsule,500,mg,,,capsules,298,100,1000,24,,2027-08-31,2026-01-10T02:30:03.552Z,2026-02-01T10:58:17.585Z
6FWeOsrhV8wGDDuqFpHR,01kVeGJDbr6mS2Q3rZYm,aakarunanayake@yahoo.com,265459,PH00953,Suwapiyasa,Fluconazole -Nispore-150,Fluconazole -Nispore-150,Fluconazole,tablet,150,mg,,,tablets,39,10,1000,50,,2028-10-31,2026-01-11T16:05:17.336Z,2026-01-11T16:05:17.336Z
SZzsVT6YJv4j3hwxwXjv,01kVeGJDbr6mS2Q3rZYm,aakarunanayake@yahoo.com,265459,PH00953,Suwapiyasa,fluconazole- Nispore,fluconazole- Nispore,fluconazole,tablet,150,mg,,,tablets,39,10,1000,49,,2028-10-31,2026-01-09T16:56:56.325Z,2026-01-09T16:56:56.325Z
er4YxGB6HIRMzR7bahT1,01kVeGJDbr6mS2Q3rZYm,aakarunanayake@yahoo.com,265459,PH00953,Suwapiyasa,Flunarazine-MGR-5,Flunarazine-MGR-5,Flunarazine-5,tablet,5,mg,,,tablets,709,50,1000,12.5,,2026-03-31,2026-01-09T04:25:59.678Z,2026-01-24T20:47:21.357Z
NYTMYW7lGkAZ7W655Pu2,01kVeGJDbr6mS2Q3rZYm,aakarunanayake@yahoo.com,265459,PH00953,Suwapiyasa,Folic Acid -SPMC,Folic Acid -SPMC,Folic Acid,tablet,1,mg,,,tablets,1000,100,1000,1,,2027-05-31,2026-01-10T06:51:03.354Z,2026-01-10T06:51:03.354Z
1mQpsoyfcesxjYdmi3mA,01kVeGJDbr6mS2Q3rZYm,aakarunanayake@yahoo.com,265459,PH00953,Suwapiyasa,Foracort-400 DP caps,Foracort-400 DP caps,Formeterol+ Budesonide -400 DP Caps,capsule,400,mcg,,,capsules,20,20,1000,34,,2026-04-30,2026-01-09T04:12:43.721Z,2026-02-01T11:07:41.094Z
ahWiWvyUB93o0Te0ldb8,01kVeGJDbr6mS2Q3rZYm,aakarunanayake@yahoo.com,265459,PH00953,Suwapiyasa,Fungi field cream,Fungi field cream,Benzoic Acid Cream,cream,15 g,mg,,,tube,1,1,1000,295,,2027-01-31,2026-01-10T07:38:58.279Z,2026-01-25T19:12:24.899Z
RlTASCoWUNsgdDJpEirf,01kVeGJDbr6mS2Q3rZYm,aakarunanayake@yahoo.com,265459,PH00953,Suwapiyasa,Fusidic Acid Cream-Ace,Fusidic Acid Cream-Ace,Fusidic Acid cream,cream,5,g,,,tube,1,1,1000,350,,2027-08-31,2026-01-10T18:42:39.982Z,2026-02-01T10:49:48.502Z
8jAqrssG1c3XcSTAdcnT,01kVeGJDbr6mS2Q3rZYm,aakarunanayake@yahoo.com,265459,PH00953,Suwapiyasa,Gabapentin,Gabapentin,Gabapen-100,tablet,100,mg,,,tablets,300,10,1000,14,,2027-05-31,2025-12-24T16:08:47.229Z,2025-12-24T16:08:47.229Z
Q3Ps9OMA3J3U35yjkHb4,01kVeGJDbr6mS2Q3rZYm,aakarunanayake@yahoo.com,265459,PH00953,Suwapiyasa,Gliclazide-SPMC,Gliclazide-SPMC,Gliclazide,tablet,80,mg,,,tablets,2200,300,1000,5.5,,2027-07-31,2025-12-20T16:21:11.897Z,2025-12-20T16:21:11.897Z
n8GwUluoHNc1woM4J2i4,01kVeGJDbr6mS2Q3rZYm,aakarunanayake@yahoo.com,265459,PH00953,Suwapiyasa,GlucophageXR,GlucophageXR,Metformin,tablet,500,mg,,,tablets,1000,100,1000,10,,2027-01-01,2025-10-09T08:59:31.277Z,2025-10-09T08:59:31.277Z
3yMvGyyx7wyDdbT65aFW,01kVeGJDbr6mS2Q3rZYm,aakarunanayake@yahoo.com,265459,PH00953,Suwapiyasa,HCT- MSJ,HCT- MSJ,HCT,tablet,50,mg,,,tablets,1000,50,1000,2,,2027-04-30,2025-12-20T14:59:03.268Z,2025-12-20T14:59:03.268Z
el3hJkMxWULl6XX0FJU4,01kVeGJDbr6mS2Q3rZYm,aakarunanayake@yahoo.com,265459,PH00953,Suwapiyasa,HCT-MSJ,HCT-MSJ,HCT,tablet,25,mg,,,tablets,50,10,1000,1,,2026-11-30,2025-12-20T14:57:33.657Z,2025-12-20T14:57:33.656Z
1iajPsMQaEAP5eRXDG2F,01kVeGJDbr6mS2Q3rZYm,aakarunanayake@yahoo.com,265459,PH00953,Suwapiyasa,Ibuprofen,Ibuprofen,Ibut-400,tablet,400,mg,,,tablets,110,50,1000,7,,2028-05-31,2025-12-24T16:24:41.299Z,2025-12-24T16:24:41.299Z
MFDXBPhYUEXFHYEHhr9W,01kVeGJDbr6mS2Q3rZYm,aakarunanayake@yahoo.com,265459,PH00953,Suwapiyasa,Ibuprofen syrup- SPC,Ibuprofen syrup- SPC,Ibuprofen syrup,tablet,60,ml,,,tablets,8,3,1000,420,,2028-06-30,2025-12-24T19:09:36.690Z,2025-12-24T19:09:36.689Z
VxOUMtzpnV0RY5ClG9Nb,01kVeGJDbr6mS2Q3rZYm,aakarunanayake@yahoo.com,265459,PH00953,Suwapiyasa,Ibuprofen-SPC syrup,Ibuprofen-SPC syrup,Ibuprofen syrup,syrup,5ml/100mg-60ml,ml,,,bottle,8,5,1000,420,,2028-06-30,2026-01-07T14:28:15.050Z,2026-02-01T10:47:55.488Z
tiaYNmDQHxKwM9ikB4I0,01kVeGJDbr6mS2Q3rZYm,aakarunanayake@yahoo.com,265459,PH00953,Suwapiyasa,Inditor- SR,Inditor- SR,Indapamide,tablet,1.5,mg,,,tablets,30,10,1000,50,,2028-06-30,2025-12-20T03:49:52.245Z,2025-12-20T03:50:38.130Z
gdlssrQr02xlOUALUOVp,01kVeGJDbr6mS2Q3rZYm,aakarunanayake@yahoo.com,265459,PH00953,Suwapiyasa,ISMN-SPC,ISMN-SPC,ISMN,tablet,30,mg,,,tablets,110,30,1000,15,,2028-04-30,2026-01-11T15:59:19.180Z,2026-01-11T15:59:19.180Z
djfY7w4jGbD16eYmus08,01kVeGJDbr6mS2Q3rZYm,aakarunanayake@yahoo.com,265459,PH00953,Suwapiyasa,Itraconazole-Metojit,Itraconazole-Metojit,Itraconazole,tablet,100,mg,,,tablets,104,30,1000,27,,2027-06-30,2026-01-10T02:21:29.448Z,2026-01-10T02:21:29.448Z
xDm5ueXmBW7L9dxV5EX0,01kVeGJDbr6mS2Q3rZYm,aakarunanayake@yahoo.com,265459,PH00953,Suwapiyasa,Kalzana -500,Kalzana -500,Ca carbonate+ Vitamin D3,tablet,500,mg,,,tablets,39,10,1000,14,,2027-01-31,2026-01-10T06:53:54.325Z,2026-01-10T06:53:54.325Z
Ahg8OhLwR6bh1hnxNojF,01kVeGJDbr6mS2Q3rZYm,aakarunanayake@yahoo.com,265459,PH00953,Suwapiyasa,Levocetrizine- ABC pharma,Levocetrizine- ABC pharma,Levocetrizine,tablet,5,mg,,,tablets,1137,50,1000,5.5,,2028-05-31,2026-01-09T17:15:50.249Z,2026-01-09T17:19:54.007Z
z91FW2kv4MaetaAGqLB4,01kVeGJDbr6mS2Q3rZYm,aakarunanayake@yahoo.com,265459,PH00953,Suwapiyasa,Levothyroxine50-SPMC,Levothyroxine50-SPMC,Levothyroxine-50,tablet,50,mcg,,,tablets,378,50,1000,6,,2027-07-31,2026-01-09T04:23:30.443Z,2026-01-09T04:23:30.443Z
OxFzaQTa2c5DU2oWGSLC,01kVeGJDbr6mS2Q3rZYm,aakarunanayake@yahoo.com,265459,PH00953,Suwapiyasa,Lidocaine Hcl gel,Lidocaine Hcl gel,Lidocaine Hcl gel,cream,30g,g,,,tube,2,2,1000,435,,2028-03-31,2026-01-10T18:31:43.011Z,2026-02-01T10:50:30.099Z
3zXbSKFT4jw3I0vgHbKj,01kVeGJDbr6mS2Q3rZYm,aakarunanayake@yahoo.com,265459,PH00953,Suwapiyasa,Lopex,Lopex,Loperamide,tablet,2mg,mg,,,tablets,154,10,1000,7,,2026-10-31,2025-12-21T14:28:21.147Z,2025-12-21T14:28:21.146Z
CUZjoHBEPoQzUDiUABXR,01kVeGJDbr6mS2Q3rZYm,aakarunanayake@yahoo.com,265459,PH00953,Suwapiyasa,Loratadine-SPMC,Loratadine-SPMC,Loratadine,tablet,10,mg,,,tablets,964,100,1000,3,,2027-07-31,2026-01-09T17:21:53.888Z,2026-02-02T19:50:28.460Z
IIOygBec4VMsaZpewmER,01kVeGJDbr6mS2Q3rZYm,aakarunanayake@yahoo.com,265459,PH00953,Suwapiyasa,Lorvas SR,Lorvas SR,Indapamide SR 1.5mg,tablet,1.5,mg,,,tablets,50,10,1000,50,,2028-01-31,2025-12-20T02:53:48.428Z,2025-12-20T02:53:48.428Z
l4YWKKhT0T5P2Z1go2bb,01kVeGJDbr6mS2Q3rZYm,aakarunanayake@yahoo.com,265459,PH00953,Suwapiyasa,Lorvas SR,Lorvas SR,Indapamide SR 1.5mg,tablet,1.5,mg,,,tablets,50,10,1000,50,,2028-01-31,2025-12-20T02:53:48.407Z,2025-12-20T02:53:48.407Z
r3DTpFXUZtIqG9zeZJsY,01kVeGJDbr6mS2Q3rZYm,aakarunanayake@yahoo.com,265459,PH00953,Suwapiyasa,Lorvas SR,Lorvas SR,Indapamide SR 1.5mg,tablet,1.5,mg,,,tablets,50,10,1000,50,,2028-01-31,2025-12-20T02:53:48.430Z,2025-12-20T02:53:48.430Z
0z5vpq8C973HxRACV3Wf,01kVeGJDbr6mS2Q3rZYm,aakarunanayake@yahoo.com,265459,PH00953,Suwapiyasa,LORVAS SR,LORVAS SR,Indapamide SR 1.5mg,tablet,1.5,mg,,,tablets,50,10,1000,50,,2028-01-31,2025-12-20T02:55:03.361Z,2025-12-20T02:55:03.361Z
98N6qN1YLpq9d4ZuohTz,01kVeGJDbr6mS2Q3rZYm,aakarunanayake@yahoo.com,265459,PH00953,Suwapiyasa,LORVAS SR,LORVAS SR,Indapamide SR 1.5mg,tablet,1.5,mg,,,tablets,50,10,1000,50,,2028-01-31,2025-12-20T02:55:03.362Z,2025-12-20T02:55:03.362Z
L3GhOx5fUnicRUA0bbgt,01kVeGJDbr6mS2Q3rZYm,aakarunanayake@yahoo.com,265459,PH00953,Suwapiyasa,Lorvas-SR,Lorvas-SR,Indapamide,tablet,1.5,mg,,,tablets,15,10,1000,51,,2028-02-29,2025-12-20T03:48:36.243Z,2025-12-20T03:48:36.243Z
EnJYVXY20RbYDcq6SlY3,01kVeGJDbr6mS2Q3rZYm,aakarunanayake@yahoo.com,265459,PH00953,Suwapiyasa,Losartan potasium   SPMC,Losartan potasium   SPMC,Losartan potasium,tablet,50,mg,,,tablets,2400,200,1000,3.5,,2027-10-31,2025-12-19T15:31:24.882Z,2025-12-19T15:37:08.548Z
SgbHkaleR59fyRGnqgmb,01kVeGJDbr6mS2Q3rZYm,aakarunanayake@yahoo.com,265459,PH00953,Suwapiyasa,Losartan Potassium- SPC,Losartan Potassium- SPC,Losartan Potassium,tablet,25,mg,,,tablets,800,100,1000,4,,2027-03-31,2025-12-19T15:43:35.565Z,2025-12-19T15:43:35.565Z
5A54XTOMF0Xa4D6oK7Ii,01kVeGJDbr6mS2Q3rZYm,aakarunanayake@yahoo.com,265459,PH00953,Suwapiyasa,Mebendazole- Wormin,Mebendazole- Wormin,Mebendazole,tablet,500,mg,,,tablets,22,10,1000,83,,2029-05-31,2026-01-09T17:08:22.665Z,2026-01-09T17:08:22.665Z
bae5rbsH7uIzvpget8gb,01kVeGJDbr6mS2Q3rZYm,aakarunanayake@yahoo.com,265459,PH00953,Suwapiyasa,Mebendazole-ZIM,Mebendazole-ZIM,Mebendazole,tablet,500,mg,,,tablets,41,10,1000,83,,2027-01-31,2026-01-09T17:06:41.323Z,2026-01-09T17:06:41.323Z
gCzdbeGxGa1uDW0YBQhT,01kVeGJDbr6mS2Q3rZYm,aakarunanayake@yahoo.com,265459,PH00953,Suwapiyasa,Mefenamic  acid -Gamma,Mefenamic  acid -Gamma,Mefanamic acid,tablet,250,mg,,,tablets,400,100,1000,3.5,,2027-09-30,2025-12-21T16:09:12.877Z,2025-12-21T16:09:12.877Z
0kIungUOjyRdDE6IP0s9,01kVeGJDbr6mS2Q3rZYm,aakarunanayake@yahoo.com,265459,PH00953,Suwapiyasa,Meftar-500,Meftar-500,Mefenamic acid,tablet,500,mg,,,tablets,530,100,1000,11,,2027-11-30,2025-12-21T16:11:12.865Z,2025-12-21T16:11:12.865Z
LHNhsDayMylYw9WXfHGQ,01kVeGJDbr6mS2Q3rZYm,aakarunanayake@yahoo.com,265459,PH00953,Suwapiyasa,Meldol,Meldol,Paracetamol,tablet,500-,mg,,,tablets,700,300,1000,3.5,,2026-05-31,2025-12-21T15:58:28.298Z,2025-12-21T15:58:28.298Z
8TH193xDV7Nowy8pANhH,01kVeGJDbr6mS2Q3rZYm,aakarunanayake@yahoo.com,265459,PH00953,Suwapiyasa,Metformin SR- USV,Metformin SR- USV,Metformin-SR,tablet,500,mg,,,tablets,1440,10,1000,7,,2027-05-31,2025-12-20T16:22:37.218Z,2025-12-20T16:22:37.218Z
Aq3eULa87DPCZkb9yO9O,01kVeGJDbr6mS2Q3rZYm,aakarunanayake@yahoo.com,265459,PH00953,Suwapiyasa,Methipred-4,Methipred-4,Methylpednisolone,tablet,4,mg,,,tablets,467,50,1000,10,,2028-05-31,2025-12-24T16:22:05.336Z,2025-12-24T16:22:05.336Z
FqXimTo24cZ5jOoSKkxQ,01kVeGJDbr6mS2Q3rZYm,aakarunanayake@yahoo.com,265459,PH00953,Suwapiyasa,Methotrexate-SPC,Methotrexate-SPC,Methotrexate,tablet,2.5,mg,,,tablets,70,10,1000,6,,2028-02-29,2026-01-09T17:10:18.977Z,2026-01-09T17:10:18.977Z
EvPKwOipP3vbuX9PWlP0,01kVeGJDbr6mS2Q3rZYm,aakarunanayake@yahoo.com,265459,PH00953,Suwapiyasa,Montelukast-Aurobindo,Montelukast-Aurobindo,Montelukast,tablet,5,mg,,,tablets,106,10,1000,25,,2027-02-28,2026-01-09T18:02:10.521Z,2026-01-09T18:02:10.521Z
6u72ylZVa7GVfCCkGvWj,01kVeGJDbr6mS2Q3rZYm,aakarunanayake@yahoo.com,265459,PH00953,Suwapiyasa,Montelukast-cipla,Montelukast-cipla,Montelukast-cipla,tablet,10mg,mg,,,tablets,0,10,1000,0,,2027-01-24,2026-01-24T20:32:01.307Z,2026-02-01T11:02:07.005Z
yVNkMXcRFvZZ8bHN4pUo,01kVeGJDbr6mS2Q3rZYm,aakarunanayake@yahoo.com,265459,PH00953,Suwapiyasa,Montelukast-cipla,Montelukast-cipla,Montelukast,tablet,10,mg,,,tablets,70,20,1000,38,,2028-06-30,2026-01-09T18:04:09.758Z,2026-01-09T18:04:09.758Z
H5fwu29POKdLJwSwoHiG,01kVeGJDbr6mS2Q3rZYm,aakarunanayake@yahoo.com,265459,PH00953,Suwapiyasa,Montelukast-SPC,Montelukast-SPC,montelukast,tablet,5,mg,,,tablets,66,30,1000,6,,2028-07-31,2026-01-09T18:00:33.278Z,2026-01-09T18:00:33.278Z
WQEzl3CXhpQ6cMywSZiW,01kVeGJDbr6mS2Q3rZYm,aakarunanayake@yahoo.com,265459,PH00953,Suwapiyasa,Montelukast-SPC,Montelukast-SPC,Montelukast,tablet,4,mg,,,tablets,47,20,1000,11,,2026-06-30,2026-01-09T17:58:33.365Z,2026-01-09T17:58:33.365Z
P6oAul4P4BhSlgVzKGIr,01kVeGJDbr6mS2Q3rZYm,aakarunanayake@yahoo.com,265459,PH00953,Suwapiyasa,Mosart,Mosart,Mosapride,tablet,5,mg,,,tablets,16,10,1000,25,,2027-06-30,2025-12-21T14:46:31.702Z,2025-12-21T14:46:31.701Z
48lkeRqQkTRzsEIVjraU,01kVeGJDbr6mS2Q3rZYm,aakarunanayake@yahoo.com,265459,PH00953,Suwapiyasa,Mycoral  2% cream,Mycoral  2% cream,Ketoconazole 2% cream,cream,15g,mg,,,tube,9,5,1000,465,,2029-02-28,2026-01-10T07:42:40.169Z,2026-02-01T11:05:33.454Z
zBkjf2cpfeeNlGfzzh2P,01kVeGJDbr6mS2Q3rZYm,aakarunanayake@yahoo.com,265459,PH00953,Suwapiyasa,Nasewash N. drop,Nasewash N. drop,saline n. drops,drops,0.9%-10ml,mg,,,bottle,9,3,1000,370,,2028-03-31,2026-01-09T03:42:29.573Z,2026-01-25T18:27:35.840Z
41o8AkzUqZsMwBS0j4o3,01kVeGJDbr6mS2Q3rZYm,aakarunanayake@yahoo.com,265459,PH00953,Suwapiyasa,Neurogab,Neurogab,Gabapentin,tablet,100,mg,,,tablets,166,10,1000,17,,2028-01-31,2025-12-24T16:06:35.822Z,2025-12-24T16:06:35.820Z
44yvypPBjY8KVPf4n0ak,01kVeGJDbr6mS2Q3rZYm,aakarunanayake@yahoo.com,265459,PH00953,Suwapiyasa,Nicardia,Nicardia,Nifedifine SR,tablet,20,mg,,,tablets,800,50,1000,4,,2026-05-31,2025-12-20T03:59:45.202Z,2025-12-20T03:59:45.202Z
VPgFkzdcfBydQZJEDtO2,01kVeGJDbr6mS2Q3rZYm,aakarunanayake@yahoo.com,265459,PH00953,Suwapiyasa,Norethisterone-Belco,Norethisterone-Belco,Norethisterone,tablet,5,mg,,,tablets,32,30,1000,10,,2026-08-31,2026-01-11T16:19:58.587Z,2026-01-11T16:19:58.587Z
0Z9GyQkRK7p9p2yDDKTY,01kVeGJDbr6mS2Q3rZYm,aakarunanayake@yahoo.com,265459,PH00953,Suwapiyasa,Norethisterone-Nostra,Norethisterone-Nostra,Norethisterone,tablet,5,mg,,,tablets,196,30,1000,6,,2028-04-30,2026-01-11T16:18:33.013Z,2026-01-11T16:18:33.013Z
4ylVqw7Eh7eXKYODhMAL,TLIstdyVq7NEWOjTBDEg,aakarunanayake@yahoo.com,265459,PH00953,Suwapiyasa,Omeprazole,Omeprazole,Omeprazole,tablet,20mg,mg,,,box,0,10,1000,0,0,,2025-10-04T11:09:41.888Z,2025-10-04T11:09:42.327Z
mgc6877ju4t5vj7iq8,01kVeGJDbr6mS2Q3rZYm,aakarunanayake@yahoo.com,265459,PH00953,Suwapiyasa,Omeprazole,Omeprazole,Omeprazole,tablet,20mg,mg,,,box,0,10,1000,0,0,,2025-10-04T11:09:41.888Z,2025-10-04T11:09:42.327Z
xJXJGnkihPY6VYvLcAQk,01kVeGJDbr6mS2Q3rZYm,aakarunanayake@yahoo.com,265459,PH00953,Suwapiyasa,Omeprazole- Elocid,Omeprazole- Elocid,Omeprazole,tablet,20,mg,,,tablets,1200,100,1000,9,,2027-05-31,2026-01-11T15:57:19.777Z,2026-01-11T15:57:19.777Z
RcZLAwjpLiFwLx9XKjGW,01kVeGJDbr6mS2Q3rZYm,aakarunanayake@yahoo.com,265459,PH00953,Suwapiyasa,Omeprazole- SPMC,Omeprazole- SPMC,Omeprazole,tablet,20,mg,,,tablets,1340,100,1000,7,,2027-07-31,2025-12-21T15:50:50.196Z,2025-12-21T15:50:50.196Z
i7rC7BIYBp3Okix2rsvN,01kVeGJDbr6mS2Q3rZYm,aakarunanayake@yahoo.com,265459,PH00953,Suwapiyasa,Omidon syrup,Omidon syrup,Domperidone syrup,syrup,60,ml,,,bottle,29,5,1000,226,,2028-04-30,2025-12-24T18:41:17.269Z,2026-01-24T18:01:07.013Z
O50fqDuGos6o6HkJGGzn,01kVeGJDbr6mS2Q3rZYm,aakarunanayake@yahoo.com,265459,PH00953,Suwapiyasa,Ondansetron-Cadila,Ondansetron-Cadila,Ondansetro,tablet,4,mg,,,tablets,100,10,1000,38,,2027-02-22,2025-12-21T14:31:24.709Z,2025-12-21T14:31:24.709Z
EVgn5QKYIUVJxa3ApHcu,01kVeGJDbr6mS2Q3rZYm,aakarunanayake@yahoo.com,265459,PH00953,Suwapiyasa,ORS- Jeevanee-SPC,ORS- Jeevanee-SPC,ORS-Jeevanee,liquid,200,units,,,tablets,256,10,1000,30,,2027-07-31,2026-01-11T16:44:34.716Z,2026-01-11T16:44:34.716Z
ugCQOvsYgcceMRXq0kYr,01kVeGJDbr6mS2Q3rZYm,aakarunanayake@yahoo.com,265459,PH00953,Suwapiyasa,ORS-Jeevanee-SPC,ORS-Jeevanee-SPC,ORS-Jeevanee,tablet,1000ml,mg,,,tablets,36,10,1000,70,,2028-03-31,2026-01-11T16:46:19.914Z,2026-01-11T16:46:19.914Z
7CasaNhsjZotCdmyF2QJ,01kVeGJDbr6mS2Q3rZYm,aakarunanayake@yahoo.com,265459,PH00953,Suwapiyasa,Osartil,Osartil,Losartan potassium,tablet,25,mg,,,tablets,20,10,1000,8,,2026-10-31,2025-12-19T15:45:41.535Z,2025-12-19T15:45:41.535Z
f1ttpKALHyPVblmB5Ka5,01kVeGJDbr6mS2Q3rZYm,aakarunanayake@yahoo.com,265459,PH00953,Suwapiyasa,Osmolax syrup,Osmolax syrup,Lactulose syrup,syrup,100,ml,,,bottle,6,5,1000,597,,2027-06-30,2025-12-24T18:38:37.731Z,2026-01-25T19:05:04.346Z
XS3eodXartuPrlI6BJVM,01kVeGJDbr6mS2Q3rZYm,aakarunanayake@yahoo.com,265459,PH00953,Suwapiyasa,oxina-P,oxina-P,oxymetazoline nasal drops0.025%,drops,10ml,ml,,,bottle,22,5,1000,170,,2028-04-30,2026-01-09T03:36:14.690Z,2026-01-25T19:17:22.299Z
s5JaElRYCG1cIhlYj9zl,01kVeGJDbr6mS2Q3rZYm,aakarunanayake@yahoo.com,265459,PH00953,Suwapiyasa,oxymetazoline  n. drops- paed- spc,oxymetazoline  n. drops- paed- spc,oxymetazoline Hcl n. drops - 0.025%,drops,0.025%-10ml,ml,,,bottle,4,2,1000,163,,2027-07-31,2026-01-09T03:40:00.394Z,2026-01-25T18:40:43.825Z
ewoFEBPQRDMLPQsO6OSa,TLIstdyVq7NEWOjTBDEg,aakarunanayake@yahoo.com,265459,PH00953,Suwapiyasa,panadol,,paracetomol,tablet,500,mg,,,tablets,2000,200,1000,3.5,3.2,,2025-10-04T11:47:19.211Z,2025-10-04T11:47:21.924Z
mgc7kkyuofzc2sb7t2,01kVeGJDbr6mS2Q3rZYm,aakarunanayake@yahoo.com,265459,PH00953,Suwapiyasa,panadol,,paracetomol,tablet,500,mg,,,tablets,2000,200,1000,3.5,3.2,,2025-10-04T11:47:19.211Z,2025-10-04T11:47:21.924Z
4XsGtWMYGhU3qEfw6fwG,01kVeGJDbr6mS2Q3rZYm,aakarunanayake@yahoo.com,265459,PH00953,Suwapiyasa,Panzel,Panzel,Pantaprazole,tablet,40,mg,,,tablets,1380,100,1000,12,,2028-05-31,2025-12-21T14:43:53.377Z,2026-01-10T19:12:46.847Z
l0ecioyhM0ViusvxGI2X,01kVeGJDbr6mS2Q3rZYm,aakarunanayake@yahoo.com,265459,PH00953,Suwapiyasa,Panzel-20,Panzel-20,Pantoprazole,tablet,20,mg,,,tablets,940,100,1000,7,,2028-06-30,2026-01-10T19:15:59.452Z,2026-02-02T19:38:02.221Z
DFgetaUdNKXIE3dvdMiR,01kVeGJDbr6mS2Q3rZYm,aakarunanayake@yahoo.com,265459,PH00953,Suwapiyasa,Paracetamol syrup-ACE,Paracetamol syrup-ACE,Paracetamol syrup,syrup,100,ml,,,bottle,17,5,1000,295,,2027-08-31,2025-12-24T18:49:55.597Z,2026-01-24T18:49:31.181Z
rEaSuSpA0cBFjXFyK401,01kVeGJDbr6mS2Q3rZYm,aakarunanayake@yahoo.com,265459,PH00953,Suwapiyasa,Paracetamol- SPC- syrup,Paracetamol- SPC- syrup,Paracetamol -Syrup,syrup,5ml/ 125mg -500ml,ml,,,ml,1000,500,1000,2,,2026-04-30,2026-01-10T07:26:53.052Z,2026-01-24T18:47:38.024Z
zvfCvPzQrJcibZQwd8gj,01kVeGJDbr6mS2Q3rZYm,aakarunanayake@yahoo.com,265459,PH00953,Suwapiyasa,Paracetamol-Arfen,Paracetamol-Arfen,Paracetamol 250- suppo,suppository,250,mg,,,suppository,10,2,1000,130,,2029-09-30,2026-01-09T18:59:42.427Z,2026-01-24T18:40:02.024Z
WbhCk4L0EwH4DamwkXeY,01kVeGJDbr6mS2Q3rZYm,aakarunanayake@yahoo.com,265459,PH00953,Suwapiyasa,Paracetamol-SPMC,Paracetamol-SPMC,Paracetamol,tablet,500,mg,,,tablets,3000,500,1000,3.5,,2027-10-31,2025-12-21T16:01:12.880Z,2025-12-21T16:01:12.880Z
GrQTPTOTQ4QcOelBUFsl,01kVeGJDbr6mS2Q3rZYm,aakarunanayake@yahoo.com,265459,PH00953,Suwapiyasa,Paracetamol(Leben) syrup,Paracetamol(Leben) syrup,Paracetamol Syrup,syrup,125mg/ 5ml - 500ml,ml,,,ml,1000,500,1000,2,,2027-05-31,2026-01-10T07:24:50.862Z,2026-01-24T18:50:53.483Z
Qhex8JTkKtwRdDjbYDGZ,01kVeGJDbr6mS2Q3rZYm,aakarunanayake@yahoo.com,265459,PH00953,Suwapiyasa,Pentac-150,Pentac-150,Ranitidene,tablet,150,mg,,,tablets,274,100,1000,6,,2028-05-31,2025-12-21T14:42:04.630Z,2026-01-10T19:11:54.409Z
TROgrTXZh49f7O3Z3zu8,01kVeGJDbr6mS2Q3rZYm,aakarunanayake@yahoo.com,265459,PH00953,Suwapiyasa,Peritol,Peritol,cyprohepatidene,tablet,4,mg,,,tablets,338,30,1000,6,,2027-09-30,2026-01-09T04:40:03.540Z,2026-01-09T04:40:03.540Z
c150fLONxGVdBgxckU1m,01kVeGJDbr6mS2Q3rZYm,aakarunanayake@yahoo.com,265459,PH00953,Suwapiyasa,Piriton syrup,Piriton syrup,chlorpheniramine syrup,syrup,10,ml,,,bottle,4,5,1000,204,,2027-01-31,2025-12-24T18:57:54.533Z,2026-01-25T19:08:47.806Z
XfRu1LZmLoBfDDkYStSD,01kVeGJDbr6mS2Q3rZYm,aakarunanayake@yahoo.com,265459,PH00953,Suwapiyasa,prazoright,prazoright,Prazocin,tablet,1,mg,,,tablets,500,50,1000,5,,2028-06-30,2025-12-19T15:59:15.111Z,2025-12-19T15:59:15.111Z
cgFB4jy6Ftp7Kv6X5Ni5,01kVeGJDbr6mS2Q3rZYm,aakarunanayake@yahoo.com,265459,PH00953,Suwapiyasa,Probeta-N Nasal drop,Probeta-N Nasal drop,Betamethasone+ neomycin N.  drop,drops,7.5ml,ml,,,bottle,6,3,1000,468,,2027-04-30,2026-01-09T03:46:30.950Z,2026-01-25T19:09:58.653Z
aJDFt6e6hoKhgw6Uxblb,01kVeGJDbr6mS2Q3rZYm,aakarunanayake@yahoo.com,265459,PH00953,Suwapiyasa,Pyrantin syrup-Astron,Pyrantin syrup-Astron,Pyrantin syrup,syrup,200mg/ 5ml -10ml,ml,,,bottle,5,5,1000,270,,2027-07-31,2026-01-07T14:33:26.353Z,2026-01-25T19:13:20.325Z
Z53LayFYI9hDXuCEji9z,01kVeGJDbr6mS2Q3rZYm,aakarunanayake@yahoo.com,265459,PH00953,Suwapiyasa,Rabeprazole- Cadila,Rabeprazole- Cadila,Rabeprazole,tablet,20,mg,,,tablets,157,10,1000,12,,2028-06-30,2025-12-21T15:06:09.968Z,2026-01-10T19:13:22.121Z
lRo3InY9r4pVIGbehFnX,01kVeGJDbr6mS2Q3rZYm,aakarunanayake@yahoo.com,265459,PH00953,Suwapiyasa,Recto-250 suppo,Recto-250 suppo,Paracetamol suppo,suppository,250,mg,,,suppository,9,3,1000,111,,2027-05-10,2026-01-09T18:56:13.339Z,2026-01-24T18:40:51.087Z
DrPAacDkjsjOquz1wIDi,01kVeGJDbr6mS2Q3rZYm,aakarunanayake@yahoo.com,265459,PH00953,Suwapiyasa,Rectol- 125 suppo,Rectol- 125 suppo,Paracetamol suppo,suppository,125,mg,,,suppository,8,5,1000,81,,2027-05-31,2026-01-09T18:50:57.644Z,2026-01-24T18:41:19.000Z
6mIhpDs3guEZCyLdIhio,01kVeGJDbr6mS2Q3rZYm,aakarunanayake@yahoo.com,265459,PH00953,Suwapiyasa,Ricket-D,Ricket-D,Vitamin D,tablet,1000,mg,,,tablets,110,30,1000,35,,2026-05-31,2026-01-10T06:41:17.262Z,2026-01-10T06:42:56.794Z
Zk53qcAiwJ5xm0XiHRzI,01kVeGJDbr6mS2Q3rZYm,aakarunanayake@yahoo.com,265459,PH00953,Suwapiyasa,Rosuvastatin- SPMC,Rosuvastatin- SPMC,Rosuvastatin,tablet,10,mg,,,tablets,489,10,1000,5,,2027-07-31,2025-12-20T15:04:49.292Z,2025-12-20T15:04:49.292Z
YqcJOXQ3YZ7lCHSfG2Y4,01kVeGJDbr6mS2Q3rZYm,aakarunanayake@yahoo.com,265459,PH00953,Suwapiyasa,Salbutamol -MSJ- syrup,Salbutamol -MSJ- syrup,Salbutamol syrup,syrup,5ml/ 2mg,ml,,,ml,3000,750,1000,1,,2027-06-30,2026-01-10T07:16:10.370Z,2026-01-25T19:14:17.327Z
LtiirclGimoTHK3wToS5,01kVeGJDbr6mS2Q3rZYm,aakarunanayake@yahoo.com,265459,PH00953,Suwapiyasa,salbutamol syrup- SPMC,salbutamol syrup- SPMC,Salbutamol syrup,tablet,100,ml,,,tablets,18,5,1000,185,,2027-07-31,2025-12-24T18:43:53.085Z,2025-12-24T18:43:53.085Z
AIF5wZRpDhRdtBHFu7it,01kVeGJDbr6mS2Q3rZYm,aakarunanayake@yahoo.com,265459,PH00953,Suwapiyasa,Sertraline- zydus,Sertraline- zydus,Sertraline Hcl,tablet,50,mg,,,tablets,85,20,1000,10,,2028-07-31,2026-01-09T14:01:15.935Z,2026-01-09T14:01:15.935Z
Oi8F6kRC1HohbO7myxjt,01kVeGJDbr6mS2Q3rZYm,aakarunanayake@yahoo.com,265459,PH00953,Suwapiyasa,Sertraline- ZYDUS,Sertraline- ZYDUS,Sertraline,tablet,50,mg,,,tablets,85,30,1000,10,,2028-07-31,2026-01-11T16:01:16.290Z,2026-01-11T16:01:16.290Z
mgc685j0q3r03wq0g7,01kVeGJDbr6mS2Q3rZYm,aakarunanayake@yahoo.com,265459,PH00953,Suwapiyasa,sitagliptin,sitagliptin,sitagliptin,tablet,50mgmg,mg,,,box,0,10,1000,0,0,,2025-10-04T11:09:39.709Z,2025-10-04T11:09:41.004Z
zZngB9tadiyiYIm4W1Xi,TLIstdyVq7NEWOjTBDEg,aakarunanayake@yahoo.com,265459,PH00953,Suwapiyasa,sitagliptin,sitagliptin,sitagliptin,tablet,50mgmg,mg,,,box,0,10,1000,0,0,,2025-10-04T11:09:39.709Z,2025-10-04T11:09:41.004Z
i9cCXumIddXOBKCleovF,01kVeGJDbr6mS2Q3rZYm,aakarunanayake@yahoo.com,265459,PH00953,Suwapiyasa,Sitagliptin -SPC,Sitagliptin -SPC,sitagliptin,tablet,50,mg,,,tablets,630,10,1000,23,,2026-10-31,2025-12-20T16:13:51.063Z,2025-12-20T16:13:51.063Z
8aoYgfjUDYCEpyGCQst4,01kVeGJDbr6mS2Q3rZYm,aakarunanayake@yahoo.com,265459,PH00953,Suwapiyasa,Soframycin cream,Soframycin cream,Framycetin cream,cream,20g,g,,,tube,9,5,1000,196,,2027-10-31,2026-01-10T07:44:35.486Z,2026-02-01T11:00:16.913Z
6BcrWH4RxtisDm9kKi9v,01kVeGJDbr6mS2Q3rZYm,aakarunanayake@yahoo.com,265459,PH00953,Suwapiyasa,Spc,Spc,Jeevanee,ointment,400,ml,,,tablets,36,10,1000,70,,2028-03-31,2026-01-11T16:38:25.974Z,2026-01-11T16:38:25.974Z
WLo3ZqI5WeS9AxAUyRkN,01kVeGJDbr6mS2Q3rZYm,aakarunanayake@yahoo.com,265459,PH00953,Suwapiyasa,Spc,Spc, Amlodipine 5,tablet,5,mg,,,tablets,50,10,1000,2,,2028-08-31,2025-12-20T03:13:40.655Z,2025-12-20T03:13:40.655Z
R9BMVNHYXmjFN69F5AqR,01kVeGJDbr6mS2Q3rZYm,aakarunanayake@yahoo.com,265459,PH00953,Suwapiyasa,sprin -dr 75,sprin -dr 75,asprin,tablet,75,mg,,,tablets,60,10,1000,6,,2026-12-31,2025-12-19T12:46:13.934Z,2025-12-19T12:46:13.934Z
OjwpqtWmq04W4S72x5UR,01kVeGJDbr6mS2Q3rZYm,aakarunanayake@yahoo.com,265459,PH00953,Suwapiyasa,sy paracetamol (ACE),sy paracetamol (ACE),paracetamol syrup,syrup,120mg/5ml,mg,,,bottle,17,5,1000,295,,2027-08-31,2026-01-07T13:57:37.606Z,2026-01-24T18:48:34.504Z
gNcwi8kMuwrWgB8v6ToQ,01kVeGJDbr6mS2Q3rZYm,aakarunanayake@yahoo.com,265459,PH00953,Suwapiyasa,Tamasolusin-AMSO,Tamasolusin-AMSO,Tamasolusin,tablet,0.4,mg,,,tablets,106,30,1000,25,,2027-01-31,2026-01-11T16:22:30.259Z,2026-01-11T16:22:30.259Z
ijDR757clSnzyz1r6qbn,01kVeGJDbr6mS2Q3rZYm,aakarunanayake@yahoo.com,265459,PH00953,Suwapiyasa,Telmisartan- Ace,Telmisartan- Ace,Telmisartan,tablet,40,mg,,,tablets,800,50,1000,9,,2027-09-30,2025-12-20T03:55:27.866Z,2025-12-20T03:55:27.866Z
eTXVANVYDyGHbtgnyMUD,01kVeGJDbr6mS2Q3rZYm,aakarunanayake@yahoo.com,265459,PH00953,Suwapiyasa,Terbinaforce cream-,Terbinaforce cream-,Terbinafine Cream,cream,15 g,g,,,tube,4,2,1000,658,,2028-05-31,2026-01-10T07:36:02.354Z,2026-01-25T19:10:28.507Z
wn3DXkePb61qRbcBW1Jv,01kVeGJDbr6mS2Q3rZYm,aakarunanayake@yahoo.com,265459,PH00953,Suwapiyasa,Tetanas toxoid Inj,Tetanas toxoid Inj,Tetanas Toxoid Inj,injection,0.5,ml,,,vial,9,3,1000,300,,2027-09-30,2026-01-09T19:16:07.761Z,2026-01-25T18:29:10.987Z
a3uC3zix2bNIAhbLCqM7,01kVeGJDbr6mS2Q3rZYm,aakarunanayake@yahoo.com,265459,PH00953,Suwapiyasa,Topiramate-SPC,Topiramate-SPC,Topiramate,tablet,25,mg,,,tablets,36,10,1000,600,,2027-06-30,2026-01-11T16:06:25.267Z,2026-01-11T16:06:25.267Z
kcnM3IUUQTVeoylKAOhg,01kVeGJDbr6mS2Q3rZYm,aakarunanayake@yahoo.com,265459,PH00953,Suwapiyasa,Topiramate-SPC-25,Topiramate-SPC-25,Topiramate -25,tablet,25,mg,,,tablets,36,10,1000,6,,2027-06-30,2026-01-09T04:27:59.737Z,2026-01-09T04:27:59.737Z
sEu1vBHcyCpq3Hf4n5MV,01kVeGJDbr6mS2Q3rZYm,aakarunanayake@yahoo.com,265459,PH00953,Suwapiyasa,Tranexamic Acid- SPC,Tranexamic Acid- SPC,Tranexamic Acid,tablet,500,mg,,,tablets,34,10,1000,34,,2027-12-31,2026-01-11T16:16:04.565Z,2026-01-11T16:16:04.565Z
WfEnJt1QXQJlzDJlTo8q,01kVeGJDbr6mS2Q3rZYm,aakarunanayake@yahoo.com,265459,PH00953,Suwapiyasa,Turline,Turline,Terbutaline,tablet,2.5,mg,,,tablets,129,50,1000,7,,2028-04-30,2026-01-09T17:56:33.543Z,2026-01-09T17:56:33.543Z
BtVolFIck7gtC3lLXSKt,01kVeGJDbr6mS2Q3rZYm,aakarunanayake@yahoo.com,265459,PH00953,Suwapiyasa,Vitamin A & D,Vitamin A & D,Vitamin A & D,tablet,4000U,units,,,tablets,9000,50,1000,6.5,,2026-04-30,2026-01-10T06:45:11.048Z,2026-02-02T19:38:01.574Z
Q2xkKH3mrye9GhiWik2o,01kVeGJDbr6mS2Q3rZYm,aakarunanayake@yahoo.com,265459,PH00953,Suwapiyasa,Vitamin B complex,Vitamin B complex,Vitamin B complex,tablet,100,mg,,,tablets,2000,1000,1000,1,,2027-04-30,2026-01-10T06:48:06.405Z,2026-01-10T06:48:06.405Z
x44oPDzBO26vjQewVeEI,01kVeGJDbr6mS2Q3rZYm,aakarunanayake@yahoo.com,265459,PH00953,Suwapiyasa,Vitamin C - MSJ,Vitamin C - MSJ,Vitamin C,tablet,100,mg,,,tablets,1000,1000,1000,2,,2027-07-31,2026-01-10T06:49:42.420Z,2026-01-10T06:49:42.420Z
IvP1X0565gQcCAHy9Gpj,01kVeGJDbr6mS2Q3rZYm,aakarunanayake@yahoo.com,265459,PH00953,Suwapiyasa,Vomvin -60 suppo,Vomvin -60 suppo,Domperidone suppo-60,suppository,60,mg,,,suppository,14,5,1000,250,,2027-07-31,2026-01-09T18:48:40.846Z,2026-01-24T18:08:58.601Z
H4E0NFM1cfacfzz3xz4h,01kVeGJDbr6mS2Q3rZYm,aakarunanayake@yahoo.com,265459,PH00953,Suwapiyasa,Vomvin-10 suppo,Vomvin-10 suppo,Domperidone  suppo,suppository,10,mg,,,suppository,16,5,1000,112,,2027-01-31,2026-01-09T18:44:43.457Z,2026-01-24T18:09:34.673Z
FBvTYAwknAdxfsLnAgPO,01kVeGJDbr6mS2Q3rZYm,aakarunanayake@yahoo.com,265459,PH00953,Suwapiyasa,Vomvin-30 suppo,Vomvin-30 suppo,Domperidone  suppo-30,suppository,30,mg,,,suppository,7,5,1000,200,,2028-06-30,2026-01-09T18:46:58.927Z,2026-01-24T18:10:00.556Z
5t83aEbP54bDeulni0Q5,01kVeGJDbr6mS2Q3rZYm,aakarunanayake@yahoo.com,265459,PH00953,Suwapiyasa,Waxel Ear Drop,Waxel Ear Drop,sodium  Bicarbonate E. drop,drops,10ml,ml,,,bottle,1,1,1000,270,,2027-01-31,2026-01-09T03:57:22.296Z,2026-02-01T11:05:05.514Z
ofX9EF3Tz1GwZMeS5I9u,01kVeGJDbr6mS2Q3rZYm,aakarunanayake@yahoo.com,265459,PH00953,Suwapiyasa,Win Cream,Win Cream,Methyl Salicylate cream,cream,45g,g,,,tube,3,2,1000,360,,2027-09-30,2026-01-10T18:37:01.292Z,2026-01-25T18:44:13.295Z
1hDxupS8MUFKTaCiWlwc,01kVeGJDbr6mS2Q3rZYm,aakarunanayake@yahoo.com,265459,PH00953,Suwapiyasa,Zito- Azithromycin,Zito- Azithromycin,Azithomycin,tablet,500,mg,,,tablets,52,30,1000,80,,2028-06-30,2026-01-10T06:34:55.754Z,2026-01-10T06:34:55.754Z
